1,2,3,4,5,6,7
"(1, 0.2212685698161372)","(2, 0.0939027504503914)","(3, 0.900843243237702)","(4, 0.9153470118182586)","(5, 0.8474914760236024)","(6, 0.3316787016899657)","(7, 0.4701439306571552)"
"(1, 0.0992459176749391)","(2, 0.0389280657008427)","(3, 0.863122250349164)","(4, 0.9489714471908416)","(5, 0.833301773425307)","(6, 0.4066185495618899)","(7, 0.4246384253704828)"
"(1, 0.1307277838793242)","(2, 0.1117937633262716)","(3, 0.7966082400677837)","(4, 0.8388624361850219)","(5, 0.927818198348512)","(6, 0.5058622695456715)","(7, 0.4501915170248183)"
"(1, 0.1524226216448989)","(2, 0.0290515624040382)","(3, 0.8476860189264619)","(4, 0.919939384814658)","(5, 0.7992490308031093)","(6, 0.4475086935292272)","(7, 0.3654449504654611)"
"(1, 0.1360278050979602)","(2, 0.1494609989881681)","(3, 0.8559588375254052)","(4, 0.9042370389181478)","(5, 0.8877296964857003)","(6, 0.4224205700292187)","(7, 0.2531466875517082)"
"(1, 0.17000833768426)","(2, 0.1121873093285729)","(3, 0.9519100293373748)","(4, 0.8637770678942343)","(5, 0.7820309499984637)","(6, 0.408401754610865)","(7, 0.3945667550589827)"
"(1, 0.1759589674892252)","(2, 0.0823410004857639)","(3, 0.8702232867080165)","(4, 0.8483045950571084)","(5, 0.801917807085176)","(6, 0.4682612328265606)","(7, 0.4139191308675273)"
"(1, 0.1971900219363753)","(2, 0.1933891062114538)","(3, 0.9137069231326074)","(4, 0.8846307405520181)","(5, 0.7887016176407455)","(6, 0.3579561653799996)","(7, 0.4242521670366443)"
"(1, 0.0485738360619259)","(2, 0.1947710123689936)","(3, 0.7799660301836947)","(4, 0.880268037418838)","(5, 0.8241394030803152)","(6, 0.4597307917907874)","(7, 0.3168535336158027)"
"(1, 0.0595172233343086)","(2, 0.0812621649860187)","(3, 0.8230072211586474)","(4, 0.8927214373068802)","(5, 0.8599330397882714)","(6, 0.3963487404267495)","(7, 0.2817142596926455)"
"(1, 0.1445344411467513)","(2, 0.2203619354745735)","(3, 0.8786697226306714)","(4, 0.9205452359884768)","(5, 0.9236922334659824)","(6, 0.4508587405130942)","(7, 0.4273788993280935)"
"(1, 0.1466235780156399)","(2, 0.1985220093271269)","(3, 0.9207721398076748)","(4, 0.9137297485134228)","(5, 0.8706463648523961)","(6, 0.4656910575753238)","(7, 0.4749546000456575)"
"(1, 0.1006751458684755)","(2, 0.0880304668229524)","(3, 0.9348980755649896)","(4, 0.841605652172969)","(5, 0.9210282141576296)","(6, 0.3395645040536986)","(7, 0.2720354331408943)"
"(1, 0.2112081833105739)","(2, 0.0921521589692106)","(3, 0.834465452702544)","(4, 0.841671059596721)","(5, 0.8728225560358559)","(6, 0.3370544018213251)","(7, 0.3083331153769544)"
"(1, 0.1119029637511556)","(2, 0.1894794326844672)","(3, 0.8785712562848126)","(4, 0.8913757580003362)","(5, 0.8127454283129958)","(6, 0.4945972961048881)","(7, 0.3308438733775616)"
"(1, 0.0547780689652559)","(2, 0.1549560441744935)","(3, 0.917354334275265)","(4, 0.8420535817082351)","(5, 0.810793671311236)","(6, 0.3289115499540547)","(7, 0.4113424723758841)"
"(1, 0.1684889433907385)","(2, 0.0480392355969893)","(3, 0.9058342402764454)","(4, 0.9113916818952964)","(5, 0.8634324274876618)","(6, 0.3495409900604359)","(7, 0.4707716809354876)"
"(1, 0.1830878467383683)","(2, 0.1039161864427075)","(3, 0.921163891791018)","(4, 0.8844398566177)","(5, 0.8597111699973096)","(6, 0.408398731139765)","(7, 0.3561479964270791)"
"(1, 0.200209363388009)","(2, 0.1901145622212125)","(3, 0.9213280011636524)","(4, 0.8770325912491808)","(5, 0.8276010182675183)","(6, 0.4864602945633367)","(7, 0.30281719345669)"
"(1, 0.1467458047564638)","(2, 0.2110884622977295)","(3, 0.9047796223450264)","(4, 0.8226413662673301)","(5, 0.8747920794987126)","(6, 0.3706805378912715)","(7, 0.3831872509318448)"
"(1, 0.0547997375838223)","(2, 0.1171552590440219)","(3, 0.7822876328429966)","(4, 0.8606876809889964)","(5, 0.9090265753778308)","(6, 0.4548533895972718)","(7, 0.4460709404313629)"
"(1, 0.0756242520862708)","(2, 0.2078098475045774)","(3, 0.8929670739253874)","(4, 0.9269872324812316)","(5, 0.8185309809062579)","(6, 0.3333074224707884)","(7, 0.2831463515644657)"
"(1, 0.1366244500834955)","(2, 0.2119286067216973)","(3, 0.7783843893473865)","(4, 0.8355078220307314)","(5, 0.8999096867695376)","(6, 0.4831188981519437)","(7, 0.3516942235851011)"
"(1, 0.1103545512293018)","(2, 0.2352380831192323)","(3, 0.7717504965247092)","(4, 0.935696379960618)","(5, 0.9234056339236544)","(6, 0.4881434430452299)","(7, 0.4138316491388978)"
"(1, 0.0977371095491589)","(2, 0.1551758875778118)","(3, 0.8163352937721203)","(4, 0.935872211346281)","(5, 0.910328793594518)","(6, 0.4278172416720216)","(7, 0.34363882783093)"
"(1, 0.209945955438645)","(2, 0.1938515601392573)","(3, 0.8586945170963779)","(4, 0.943481399203558)","(5, 0.9041694381353818)","(6, 0.4227962976702927)","(7, 0.4254936351658392)"
"(1, 0.1491884712733971)","(2, 0.2279554571467809)","(3, 0.8375494700182313)","(4, 0.812341790241157)","(5, 0.9252683076176684)","(6, 0.491751818821219)","(7, 0.3762352857728937)"
"(1, 0.116273416032534)","(2, 0.1762592288126798)","(3, 0.8874607938124978)","(4, 0.9274173748714576)","(5, 0.909049566848009)","(6, 0.5177502956765265)","(7, 0.3782673343806867)"
"(1, 0.0945778446337209)","(2, 0.2372044820114213)","(3, 0.9342102099710192)","(4, 0.899330271908842)","(5, 0.9175615067231092)","(6, 0.4118780017273936)","(7, 0.3736760380590443)"
"(1, 0.2035792017141987)","(2, 0.1791199245945091)","(3, 0.9301285865026808)","(4, 0.8798370121777024)","(5, 0.7886121613958069)","(6, 0.4848158742815501)","(7, 0.3580825033927305)"
"(1, 0.1006011125069301)","(2, 0.0570320998282413)","(3, 0.77160299582839)","(4, 0.8745769708014232)","(5, 0.8986982799387312)","(6, 0.3990898425270729)","(7, 0.4431108126120052)"
"(1, 0.1078875547374933)","(2, 0.0855314742914273)","(3, 0.9344015513713236)","(4, 0.8348025003421885)","(5, 0.8237371520194876)","(6, 0.4186988418783927)","(7, 0.4041727877070042)"
"(1, 0.1251211657524458)","(2, 0.1767997021877463)","(3, 0.7889282830662254)","(4, 0.8783676921065953)","(5, 0.8265879675461901)","(6, 0.4204602529719964)","(7, 0.2749860709612464)"
"(1, 0.2206549734506744)","(2, 0.1366210969916824)","(3, 0.8234071389864044)","(4, 0.9375141828004148)","(5, 0.9325681730200696)","(6, 0.3346543541941011)","(7, 0.3181823731089566)"
"(1, 0.1773562320731112)","(2, 0.1643404752549992)","(3, 0.8159063285599389)","(4, 0.9512157078804006)","(5, 0.9220478036054682)","(6, 0.3869424845719926)","(7, 0.3330804825287369)"
"(1, 0.1386992653478521)","(2, 0.2351578008632348)","(3, 0.9546114786611616)","(4, 0.9090003436759236)","(5, 0.7769260921849392)","(6, 0.4019029819482296)","(7, 0.4406227259942004)"
"(1, 0.1489207985184554)","(2, 0.2018933825291217)","(3, 0.7996804621545026)","(4, 0.8699112849332945)","(5, 0.7957677733891703)","(6, 0.3405305753074454)","(7, 0.3950749726970164)"
"(1, 0.2122786364894229)","(2, 0.1111248466809592)","(3, 0.9541994548423404)","(4, 0.9415129159839158)","(5, 0.8447383398694258)","(6, 0.4128714691829826)","(7, 0.3212711208615186)"
"(1, 0.1906330296478637)","(2, 0.049706539872609)","(3, 0.8411932842066883)","(4, 0.8468787107540295)","(5, 0.8000962599660404)","(6, 0.4077009166962979)","(7, 0.3228712115221663)"
"(1, 0.2074290098203557)","(2, 0.1606507563269798)","(3, 0.8642608515413023)","(4, 0.8326929880991749)","(5, 0.7814813076924082)","(6, 0.4120336086268811)","(7, 0.4593587037976209)"
"(1, 0.1966513928052832)","(2, 0.207454255911005)","(3, 0.9076125970470552)","(4, 0.8454954929678264)","(5, 0.9317963742043036)","(6, 0.3251287799508266)","(7, 0.3512774740754561)"
"(1, 0.1475023392528726)","(2, 0.0657166441139723)","(3, 0.8435372537419664)","(4, 0.8753377060060329)","(5, 0.8599930035971022)","(6, 0.402758727576549)","(7, 0.3298029855032713)"
"(1, 0.222430893221485)","(2, 0.2000559682358932)","(3, 0.9495742745349416)","(4, 0.9156414140248492)","(5, 0.8678961734958575)","(6, 0.3976247391485593)","(7, 0.3818398731937007)"
"(1, 0.0611897016693655)","(2, 0.1735924154888954)","(3, 0.9002888196269041)","(4, 0.9111626814862168)","(5, 0.9381686027061212)","(6, 0.4440083702927424)","(7, 0.3988825798533886)"
"(1, 0.2235044594535473)","(2, 0.1941991908587286)","(3, 0.9009689978565568)","(4, 0.8635293956047586)","(5, 0.910164159167411)","(6, 0.4889873506360762)","(7, 0.4440160816462362)"
"(1, 0.1984272390893507)","(2, 0.1846563281446513)","(3, 0.8581655203061024)","(4, 0.8933531090395558)","(5, 0.8174889474927938)","(6, 0.375140270266187)","(7, 0.2649185111368167)"
"(1, 0.2286439156890332)","(2, 0.1796296087805655)","(3, 0.9187922873587426)","(4, 0.854297006863218)","(5, 0.8770921113462228)","(6, 0.3431626775831584)","(7, 0.4628752594324098)"
"(1, 0.1008430480411997)","(2, 0.0998369407814516)","(3, 0.8934589634322894)","(4, 0.8475411863308069)","(5, 0.9177479797848396)","(6, 0.4433764480424931)","(7, 0.4112858850021647)"
"(1, 0.0799857322886246)","(2, 0.0723987910876332)","(3, 0.792056177941129)","(4, 0.8323815862239742)","(5, 0.8194168534934414)","(6, 0.3902351464232176)","(7, 0.4623929072666488)"
"(1, 0.6621776980501005)","(2, 0.6663170341417904)","(3, 0.3870591354054387)","(4, 0.4343959589262383)","(5, 0.5933412462040217)","(6, 0.8572585558573345)","(7, 0.8575254082207524)"
"(1, 0.8327971667812244)","(2, 0.7912411257364251)","(3, 0.4923351762159306)","(4, 0.5142603053605581)","(5, 0.6345382051749842)","(6, 0.8666415837788951)","(7, 0.785864097999482)"
"(1, 0.662699116118061)","(2, 0.6689439055180297)","(3, 0.5121404488669482)","(4, 0.5432420843560292)","(5, 0.6487645697762098)","(6, 0.8557327981312949)","(7, 0.7637402782611675)"
"(1, 0.6525033285645037)","(2, 0.7998247466750054)","(3, 0.3487603193403565)","(4, 0.3829624977221537)","(5, 0.5699425428253547)","(6, 0.8204529509778202)","(7, 0.8075256791135004)"
"(1, 0.710250292636557)","(2, 0.7514501972921781)","(3, 0.358216287978661)","(4, 0.3998950029391709)","(5, 0.7547435943858396)","(6, 0.7535687985320029)","(7, 0.7760515619148058)"
"(1, 0.859136616396533)","(2, 0.6978842691639349)","(3, 0.4972640304785292)","(4, 0.5274846931686541)","(5, 0.5696005657992579)","(6, 0.7432472302207378)","(7, 0.7705413566940338)"
"(1, 0.7378632555428514)","(2, 0.7425992030838447)","(3, 0.4145025744374098)","(4, 0.3580930367870553)","(5, 0.5926858809136315)","(6, 0.8557542759386124)","(7, 0.8785907975880186)"
"(1, 0.7594692324258552)","(2, 0.7676634108606901)","(3, 0.375496219657717)","(4, 0.4014776592441428)","(5, 0.7598750108061801)","(6, 0.9005950351099312)","(7, 0.8122771560254827)"
"(1, 0.8216329708162345)","(2, 0.7250995127726305)","(3, 0.3427464691400592)","(4, 0.385693450950641)","(5, 0.5839095522116959)","(6, 0.8446841932973688)","(7, 0.7813390798395236)"
"(1, 0.8087574724445049)","(2, 0.747946212600622)","(3, 0.5326267394808456)","(4, 0.4697512258976006)","(5, 0.7580222465982736)","(6, 0.7991630727399708)","(7, 0.7218795678573969)"
"(1, 0.755286844459027)","(2, 0.750766812779111)","(3, 0.417349726540963)","(4, 0.4435920192068892)","(5, 0.6015423648344034)","(6, 0.7816144709064509)","(7, 0.8329227512346062)"
"(1, 0.8516732807281926)","(2, 0.6887125290461327)","(3, 0.5229336967427818)","(4, 0.4630265160249984)","(5, 0.6349219046757058)","(6, 0.8356680895445731)","(7, 0.8418349447739759)"
"(1, 0.679974075088656)","(2, 0.7513309692486831)","(3, 0.4873800941008092)","(4, 0.3746495272418918)","(5, 0.6861385569559049)","(6, 0.7046652485882386)","(7, 0.849312740903059)"
"(1, 0.8487453291331746)","(2, 0.7416455884968718)","(3, 0.4179524963741403)","(4, 0.5160584895810242)","(5, 0.5583113935842479)","(6, 0.904890925586848)","(7, 0.8875360520886516)"
"(1, 0.85990685920098)","(2, 0.7497116634479977)","(3, 0.5246799864805151)","(4, 0.3999936140933997)","(5, 0.7227031888107827)","(6, 0.7399570847919037)","(7, 0.7886996707975052)"
"(1, 0.8198098804964133)","(2, 0.7849329632690565)","(3, 0.4372749514426432)","(4, 0.4482469889897296)","(5, 0.6339189299008469)","(6, 0.7058913182783288)","(7, 0.8575607320749339)"
"(1, 0.8326130823039545)","(2, 0.7912275256059912)","(3, 0.545594254690033)","(4, 0.4317192862336302)","(5, 0.7048609540532716)","(6, 0.8151698736523652)","(7, 0.7688826140515573)"
"(1, 0.8423957926888346)","(2, 0.6827624897456999)","(3, 0.4009380433658804)","(4, 0.4796168281721402)","(5, 0.5868161429105725)","(6, 0.865413897007397)","(7, 0.7530854268294497)"
"(1, 0.7559479098168704)","(2, 0.8268327996178688)","(3, 0.4784124723612741)","(4, 0.5467579096662059)","(5, 0.564811072209639)","(6, 0.9035188653059912)","(7, 0.7175788527174672)"
"(1, 0.7969369594416476)","(2, 0.7248048142725432)","(3, 0.4517226540352282)","(4, 0.4576622179522435)","(5, 0.7237504170878877)","(6, 0.8607591501533142)","(7, 0.8484942223102091)"
"(1, 0.6998856960427466)","(2, 0.6770010968822578)","(3, 0.4858513000180247)","(4, 0.3812477098642605)","(5, 0.6628466816630667)","(6, 0.7196908804599196)","(7, 0.8330298147754496)"
"(1, 0.8107854734870477)","(2, 0.6786271312677458)","(3, 0.5467115791702776)","(4, 0.3803150238056663)","(5, 0.6338054886468538)","(6, 0.8558358023975926)","(7, 0.7496451711327424)"
"(1, 0.7537049369214983)","(2, 0.7119234577332352)","(3, 0.4330808852075052)","(4, 0.5335882352427059)","(5, 0.6553413099970349)","(6, 0.7505125407230128)","(7, 0.8464778768029153)"
"(1, 0.656385146057928)","(2, 0.6993903525074575)","(3, 0.3330619309679983)","(4, 0.5011950160838221)","(5, 0.6340655300271163)","(6, 0.7770841694164626)","(7, 0.8087270547819925)"
"(1, 0.6919282097076094)","(2, 0.6377180163422425)","(3, 0.4450454969684952)","(4, 0.3731381836873073)","(5, 0.7680518127180078)","(6, 0.7134619319455878)","(7, 0.7470684070267685)"
"(1, 0.7214025538123618)","(2, 0.8017287599820695)","(3, 0.5314020705339817)","(4, 0.3888787733523655)","(5, 0.6031323325881633)","(6, 0.7272842514114374)","(7, 0.8879823666847331)"
"(1, 0.7585105534523797)","(2, 0.6653614763428073)","(3, 0.5096354279570494)","(4, 0.4282742467156911)","(5, 0.6088565844394349)","(6, 0.7823798095724988)","(7, 0.8715557979772205)"
"(1, 0.7078428989944752)","(2, 0.6355287941288308)","(3, 0.4926452845769249)","(4, 0.3837989636538176)","(5, 0.6101574146060771)","(6, 0.8713855582794936)","(7, 0.8388927784144767)"
"(1, 0.6914691626159069)","(2, 0.6931193651934356)","(3, 0.4400854946948891)","(4, 0.4069966912914238)","(5, 0.7292627440861681)","(6, 0.7170802681084038)","(7, 0.8405728455010218)"
"(1, 0.6623334874995369)","(2, 0.8066423299344172)","(3, 0.4232258143334123)","(4, 0.5300169772663204)","(5, 0.6084940454545693)","(6, 0.7120593935772838)","(7, 0.8328525972999106)"
"(1, 0.8468599986994728)","(2, 0.7585713351394785)","(3, 0.4487481078441828)","(4, 0.4385003569532515)","(5, 0.5980747210426556)","(6, 0.6917745399502215)","(7, 0.8174462071713476)"
"(1, 0.8450077313631816)","(2, 0.6657190785883585)","(3, 0.4980018951663759)","(4, 0.4486509303576329)","(5, 0.7530474348210703)","(6, 0.78359407787341)","(7, 0.7997420116952112)"
"(1, 0.8508733832246259)","(2, 0.6504632981616667)","(3, 0.4589694459551101)","(4, 0.535283676404643)","(5, 0.6315895786179986)","(6, 0.8558508419803109)","(7, 0.8411869403752488)"
"(1, 0.714707047607958)","(2, 0.8121639314288003)","(3, 0.5566098919899937)","(4, 0.5049138694659421)","(5, 0.5620564985240327)","(6, 0.8665515828086567)","(7, 0.7885955537159974)"
"(1, 0.8094550462788201)","(2, 0.7594966824798072)","(3, 0.4099903315616786)","(4, 0.4713497889380874)","(5, 0.6419533354074183)","(6, 0.7045032659806053)","(7, 0.8465099720276269)"
"(1, 0.6400158915694311)","(2, 0.6568928227732522)","(3, 0.3864720141458037)","(4, 0.5388637991536813)","(5, 0.7250392818896725)","(6, 0.8254674285148119)","(7, 0.8907444859702793)"
"(1, 0.8412251934580313)","(2, 0.7200779704107239)","(3, 0.3671436270882532)","(4, 0.359099270575646)","(5, 0.712571867976873)","(6, 0.8549673568328989)","(7, 0.8058512198056502)"
"(1, 0.7661083357569598)","(2, 0.7002913601971508)","(3, 0.5093285268096546)","(4, 0.4108975081706703)","(5, 0.7119271814846793)","(6, 0.9058141501353588)","(7, 0.7626737389806063)"
"(1, 0.6847747953629545)","(2, 0.7337715206127425)","(3, 0.4507862712915422)","(4, 0.3490746227150414)","(5, 0.6395196613814245)","(6, 0.8587007121909612)","(7, 0.7570867890818129)"
"(1, 0.6904654130615983)","(2, 0.8114180762419761)","(3, 0.5093340445023424)","(4, 0.3591582475693116)","(5, 0.6146800784088234)","(6, 0.9056280566615972)","(7, 0.8320795871020334)"
"(1, 0.8086086412519264)","(2, 0.7436858964320666)","(3, 0.374263088882375)","(4, 0.4523643622373033)","(5, 0.7078254488382774)","(6, 0.7805580319235736)","(7, 0.758881381251383)"
"(1, 0.706630848084163)","(2, 0.8156885368150901)","(3, 0.5053773540564712)","(4, 0.5217758158820962)","(5, 0.689827814875925)","(6, 0.7970179107531616)","(7, 0.7539696144921839)"
"(1, 0.7812551462754701)","(2, 0.7884259660720123)","(3, 0.3485325035184667)","(4, 0.3805250342305885)","(5, 0.6547440422435069)","(6, 0.7333215245183612)","(7, 0.7423734366639074)"
"(1, 0.6738387969498787)","(2, 0.7697763577488471)","(3, 0.4238459060164856)","(4, 0.3652804517742763)","(5, 0.6556180628327262)","(6, 0.882180745606828)","(7, 0.8667932854655381)"
"(1, 0.6761981040879848)","(2, 0.705542743831612)","(3, 0.4342239435608937)","(4, 0.5067436914890684)","(5, 0.7019228834099166)","(6, 0.9083376492258732)","(7, 0.8087616804601522)"
"(1, 0.6900100208244571)","(2, 0.6303561016062834)","(3, 0.4768945052078736)","(4, 0.4076186157748751)","(5, 0.7601764703163671)","(6, 0.7766072385545483)","(7, 0.7605855930643287)"
"(1, 0.1650740839390697)","(2, 0.3823069218165434)","(3, 0.2728082082165552)","(4, 0.4312973769117748)","(5, 0.1913365050934779)","(6, 0.3818824567796993)","(7, 0.2929178181569979)"
"(1, 0.332317159610199)","(2, 0.3301110241554428)","(3, 0.2658311691701958)","(4, 0.3113240633002416)","(5, 0.2071781188890764)","(6, 0.1699050007304019)","(7, 0.4301121657939006)"
"(1, 0.0024417148500988)","(2, 0.0839509061054951)","(3, 0.1157790972227473)","(4, 0.1547633283980613)","(5, 0.1156316439458297)","(6, 0.1168608834250434)","(7, 0.0852315039957375)"
"(1, 0.4703802982461117)","(2, 0.4868885034017067)","(3, 0.325631482438452)","(4, 0.4201887843836163)","(5, 0.3034876090338419)","(6, 0.4203093878151683)","(7, 0.4237881865033709)"
"(1, 0.4039693365135665)","(2, 0.207463137877599)","(3, 0.1727604275210371)","(4, 0.2575239015820748)","(5, 0.2369393588044725)","(6, 0.3646719691942138)","(7, 0.2564447692198343)"
"(1, 0.4142213401328939)","(2, 0.4445186591996855)","(3, 0.3144631437440197)","(4, 0.3728932913306771)","(5, 0.4000125574776872)","(6, 0.3123722489609852)","(7, 0.3908824063646435)"
"(1, 0.0445154807063901)","(2, 0.0650902140314317)","(3, 0.0638699444558187)","(4, 0.0736445315058094)","(5, 0.0184243754175506)","(6, 0.1835715830061015)","(7, 0.0789745956520169)"
"(1, 0.9614551123147904)","(2, 0.8311568424530076)","(3, 0.9927515531736436)","(4, 0.9738269297953612)","(5, 0.873992289998486)","(6, 0.98285026356655)","(7, 0.898664085502848)"
"(1, 0.9597952606331852)","(2, 0.8720256690613178)","(3, 0.8195386655124063)","(4, 0.9362782575698684)","(5, 0.9747253878142954)","(6, 0.9868624802760152)","(7, 0.8409234812781129)"
"(1, 0.7404889297346057)","(2, 0.6929106161675528)","(3, 0.5668587401629481)","(4, 0.6595154559892928)","(5, 0.6322925696836551)","(6, 0.6951602691137724)","(7, 0.7366818460377518)"
"(1, 0.2554897645846181)","(2, 0.3861522835478095)","(3, 0.4791494405559772)","(4, 0.3289294541872117)","(5, 0.443094698225369)","(6, 0.2840871031686682)","(7, 0.3809994789963861)"
"(1, 0.8704592509867717)","(2, 0.8857421520351177)","(3, 0.8427835220376002)","(4, 0.9242905542236034)","(5, 0.876743258721673)","(6, 0.8600479763515467)","(7, 0.8721085949527961)"
"(1, 0.4151048686343859)","(2, 0.2802908054788227)","(3, 0.4424701677464299)","(4, 0.2734709367330081)","(5, 0.279361693201881)","(6, 0.2969439251714079)","(7, 0.2940801957470607)"
"(1, 0.4370047989980663)","(2, 0.5882458539420533)","(3, 0.5112841685672672)","(4, 0.5081273799108893)","(5, 0.5782813580522086)","(6, 0.4984737681304407)","(7, 0.538731166082586)"
"(1, 0.4461827772142486)","(2, 0.6443541759122416)","(3, 0.4253470337551036)","(4, 0.6052994700659188)","(5, 0.3923440681542435)","(6, 0.3895127723311609)","(7, 0.480240141553631)"
"(1, 0.3500093456368029)","(2, 0.0778562055596805)","(3, 0.1471738429748521)","(4, 0.1839160934252725)","(5, 0.2964899225838361)","(6, 0.0932880091838687)","(7, 0.3604739593415321)"
"(1, 0.4825670883578305)","(2, 0.5244863311392056)","(3, 0.3760859241781401)","(4, 0.287076473894658)","(5, 0.4622058595122661)","(6, 0.3063957836411958)","(7, 0.4018562578156527)"
"(1, 0.0186786919926298)","(2, 0.1102700071316231)","(3, 0.0265829985025723)","(4, 0.0531258191846243)","(5, 0.0332624323258515)","(6, 0.1333126344385178)","(7, 0.1162119747941475)"
"(1, 0.8536655917430003)","(2, 0.8059625832346559)","(3, 0.7382714151797392)","(4, 0.8814919341387809)","(5, 0.7734428348661654)","(6, 0.7146683448301623)","(7, 0.9953438669957526)"
"(1, 0.4096476585443229)","(2, 0.4196281842438501)","(3, 0.4585981584749441)","(4, 0.5042726689499089)","(5, 0.4689898840074007)","(6, 0.4511942654367948)","(7, 0.4584416969622817)"
"(1, 0.4849719336518111)","(2, 0.4496575976320103)","(3, 0.4706521728223951)","(4, 0.5018988331402653)","(5, 0.5221888204533495)","(6, 0.6685662676179605)","(7, 0.5878473341478888)"
"(1, 0.5529603507345334)","(2, 0.3293289976713872)","(3, 0.3116371329555483)","(4, 0.3446222298326469)","(5, 0.5503742521767221)","(6, 0.5812032683721113)","(7, 0.5954294222882508)"
"(1, 0.7550232961099602)","(2, 0.9934546387012956)","(3, 0.7327165537136601)","(4, 0.7434390527652028)","(5, 0.9201140977251808)","(6, 0.78429782403051)","(7, 0.953850937646052)"
"(1, 0.4224317502261686)","(2, 0.3105380773264422)","(3, 0.4944105901976902)","(4, 0.3660192893458808)","(5, 0.3432825906379307)","(6, 0.4407725029983508)","(7, 0.3226641443469795)"
"(1, 0.1897529045340609)","(2, 0.2299243055231083)","(3, 0.2652348656284536)","(4, 0.1933562835860578)","(5, 0.0053963894407404)","(6, 0.1169123573020296)","(7, 0.1446639118205009)"
"(1, 0.8581391097864086)","(2, 0.8714235456853805)","(3, 0.7747587164482752)","(4, 0.8631025867029397)","(5, 0.925433271274968)","(6, 0.7673338455093882)","(7, 0.8353702825707858)"
"(1, 0.8206420298743594)","(2, 0.6223691074612467)","(3, 0.6551827541040309)","(4, 0.8184483577246944)","(5, 0.6702994736944532)","(6, 0.7197444700588003)","(7, 0.7250667468600186)"
"(1, 0.2377601049687626)","(2, 0.3825067231585251)","(3, 0.2869155798148841)","(4, 0.3805886143360352)","(5, 0.2172235713394355)","(6, 0.1938798792014054)","(7, 0.2469480244053047)"
"(1, 0.0955043053440143)","(2, 0.0886922248847411)","(3, 0.0243145336865609)","(4, 0.0699129868287939)","(5, 0.1256135197016738)","(6, 0.2542093219712613)","(7, 0.2277209686799965)"
"(1, 0.3412103672113134)","(2, 0.2782760592566519)","(3, 0.3132581244142271)","(4, 0.1584175623094723)","(5, 0.191196240070383)","(6, 0.3009667566892827)","(7, 0.1868301339491326)"
"(1, 0.3274188772047157)","(2, 0.2305647369592657)","(3, 0.277509395526973)","(4, 0.1872748905325169)","(5, 0.3253817666865087)","(6, 0.3887162120178871)","(7, 0.2201710876479084)"
"(1, 0.3614991295476388)","(2, 0.3470460257394905)","(3, 0.3975558639934783)","(4, 0.3507116690887543)","(5, 0.4553348683023845)","(6, 0.3388332438546393)","(7, 0.3372139152875433)"
"(1, 0.9442418843900616)","(2, 0.7233586666960667)","(3, 0.7989756148033531)","(4, 0.7545418865957221)","(5, 0.8788072816405577)","(6, 0.7716005402373249)","(7, 0.8538274931786101)"
"(1, 0.4339313114680543)","(2, 0.3338520492513724)","(3, 0.486406438406155)","(4, 0.4193496913834563)","(5, 0.2602503495309277)","(6, 0.2200846894203487)","(7, 0.2804026233581322)"
"(1, 0.8790968892252572)","(2, 0.7642556959549391)","(3, 0.7013543509297702)","(4, 0.781525539436492)","(5, 0.8297158213704962)","(6, 0.6624462836870709)","(7, 0.7106006479642948)"
"(1, 0.3277179465938613)","(2, 0.0963916087776006)","(3, 0.2384326678563876)","(4, 0.2604121354360553)","(5, 0.0607582612725432)","(6, 0.1481235901893863)","(7, 0.186183303893572)"
"(1, 0.1990213908833417)","(2, 0.0820722944503214)","(3, 0.2205529272716433)","(4, 0.1043301857343614)","(5, 0.2468668184352144)","(6, 0.002267106923975)","(7, 0.2481847040949358)"
"(1, 0.1404653052402533)","(2, 0.0600129391535861)","(3, 0.0511360322578623)","(4, 0.2041309446505592)","(5, 0.1620811009105627)","(6, 0.2141957489354658)","(7, 0.1425323758033)"
"(1, 0.3084171882011211)","(2, 0.3251460611972563)","(3, 0.1342619752273689)","(4, 0.1071217866956697)","(5, 0.3241205148362389)","(6, 0.08442246754099)","(7, 0.1038029614632701)"
"(1, 0.0486142828628362)","(2, 0.1020966173179549)","(3, 0.1264385169100003)","(4, 0.0655883066215373)","(5, 0.0550135638539126)","(6, 0.1251690352361234)","(7, 0.1511588171549168)"
"(1, 0.3559043842648355)","(2, 0.2665434599551218)","(3, 0.3495312014238265)","(4, 0.1494448936198772)","(5, 0.2900892549727495)","(6, 0.1341410137471452)","(7, 0.3669787734428959)"
"(1, 0.8557290920011422)","(2, 0.9118381453636304)","(3, 0.7507291234562108)","(4, 0.9296760259635044)","(5, 0.753071423802715)","(6, 0.8258813221531373)","(7, 0.8255823302854646)"
"(1, 0.7236049000999389)","(2, 0.4760648182964833)","(3, 0.6376512668331236)","(4, 0.4729308633791245)","(5, 0.5337657909646396)","(6, 0.4547340333034848)","(7, 0.5172286221408622)"
"(1, 0.7944074603070733)","(2, 0.9224709662315812)","(3, 0.8674093807605519)","(4, 0.8158349936248087)","(5, 0.8928377783763463)","(6, 0.7966377976247893)","(7, 0.7265900141476199)"
"(1, 0.3806733355563497)","(2, 0.3594261056237302)","(3, 0.290044006272394)","(4, 0.2515705501663406)","(5, 0.2011184289772168)","(6, 0.2156876458553288)","(7, 0.2090416932314857)"
"(1, 0.2382920628402235)","(2, 0.1593403939515048)","(3, 0.2842088514605445)","(4, 0.3686534476393733)","(5, 0.2301706267506243)","(6, 0.3584564213850046)","(7, 0.1627493547094365)"
"(1, 0.8868705595776071)","(2, 0.9000024970864311)","(3, 0.8443766453152893)","(4, 0.876304103246328)","(5, 0.9891141020170048)","(6, 0.9904509426485896)","(7, 0.8899433410297717)"
"(1, 0.2047664571561201)","(2, 0.2287377542022745)","(3, 0.1055704397877741)","(4, 0.0788432231987189)","(5, 0.2444113519488449)","(6, 0.2733987524528152)","(7, 0.1577656385432914)"
"(1, 0.441792725116482)","(2, 0.3307396365453415)","(3, 0.4807444684509201)","(4, 0.4105962811242621)","(5, 0.3082600141615923)","(6, 0.426880437548144)","(7, 0.4819915238935641)"
"(1, 0.0353815458953673)","(2, 0.1759394761904819)","(3, 0.1332793142007284)","(4, 0.2490203213102715)","(5, 0.224748851315014)","(6, 0.1946489423435102)","(7, 0.2539529295992958)"
"(1, 0.7894997908468827)","(2, 0.6230507561424513)","(3, 0.5994926856410163)","(4, 0.8361087473574387)","(5, 0.6239028565050382)","(6, 0.6604761245783559)","(7, 0.7688454611096034)"
"(1, 0.2970864615376336)","(2, 0.2010027828361648)","(3, 0.117330387601752)","(4, 0.2852078295090818)","(5, 0.3234025888058088)","(6, 0.2520744862630392)","(7, 0.2199804381111197)"
"(1, 0.1562628750698454)","(2, 0.4159767261675876)","(3, 0.3944324541140513)","(4, 0.4109274299876649)","(5, 0.3313460599072947)","(6, 0.3119208985202643)","(7, 0.1469153905915418)"
"(1, 0.3500155848939567)","(2, 0.4562655493128927)","(3, 0.3018911329711259)","(4, 0.323495254421115)","(5, 0.3967466854997715)","(6, 0.2777705817333606)","(7, 0.5025252807321883)"
"(1, 0.1460630357712813)","(2, 0.0357649527811691)","(3, 0.0886119413392208)","(4, 0.0356935463377138)","(5, 0.1867556415774565)","(6, 0.1127830703196973)","(7, 0.1719966513977981)"
"(1, 0.8556210913632863)","(2, 0.6441006575664124)","(3, 0.7108477480885043)","(4, 0.6732949851684324)","(5, 0.7120901840189918)","(6, 0.6518220479734712)","(7, 0.6999162295059871)"
"(1, 0.1169363488374087)","(2, 0.3413953237291651)","(3, 0.2485557634949181)","(4, 0.1396546694002861)","(5, 0.2740045160386218)","(6, 0.3119609624022674)","(7, 0.1701033312609484)"
"(1, 0.8012365751693997)","(2, 0.9637208246453072)","(3, 0.9075229922927294)","(4, 0.9478441969654532)","(5, 0.999797031775442)","(6, 0.8858974645636446)","(7, 0.8863318994066525)"
"(1, 0.2242969344302103)","(2, 0.2439105908659465)","(3, 0.4720386990289706)","(4, 0.3726974701472618)","(5, 0.3043546100219578)","(6, 0.3089846319373391)","(7, 0.4563859147191468)"
"(1, 0.2668700511514093)","(2, 0.0805912271241799)","(3, 0.3343352542801824)","(4, 0.0691351094234651)","(5, 0.2276036724253108)","(6, 0.2025231294759374)","(7, 0.1111994196657039)"
"(1, 0.0793954735465809)","(2, 0.1260346099251777)","(3, 0.171525628749698)","(4, 0.220355934988368)","(5, 0.2306534273681025)","(6, 0.2188013060761492)","(7, 0.0659696962422419)"
"(1, 0.856466721345699)","(2, 0.9837490606951932)","(3, 0.9893949570495392)","(4, 0.728026951658193)","(5, 0.9193684341319917)","(6, 0.8594830725422583)","(7, 0.8387155094655396)"
"(1, 0.7517800755832518)","(2, 0.8342999215210897)","(3, 0.7473562732997221)","(4, 0.7398016125203083)","(5, 0.7766797538119998)","(6, 0.7675607281056495)","(7, 0.9643000840324784)"
"(1, 0.3331444416586011)","(2, 0.4935864102091029)","(3, 0.2831861240730103)","(4, 0.389985736178682)","(5, 0.3457480359245947)","(6, 0.4824827699794379)","(7, 0.3817971452874925)"
"(1, 0.9561648576034342)","(2, 0.941578584748748)","(3, 0.8922716899780678)","(4, 0.8796569743607616)","(5, 0.8726693727328733)","(6, 0.8641786392863623)","(7, 0.9668517671503624)"
"(1, 0.462261500189858)","(2, 0.6551026581690181)","(3, 0.6161532907201718)","(4, 0.4867570664168108)","(5, 0.6674536387671104)","(6, 0.6548980173636147)","(7, 0.5672563935459988)"
"(1, 0.851117282153415)","(2, 0.9202711054387892)","(3, 0.8834968098845525)","(4, 0.8455321431176938)","(5, 0.9461885064293746)","(6, 0.7657930979488878)","(7, 0.9283196511885362)"
"(1, 0.9286503017939342)","(2, 0.9528992084437722)","(3, 0.8435094016017988)","(4, 0.9582873239827092)","(5, 0.8808644663966169)","(6, 0.8699502039187488)","(7, 0.9768547060571848)"
"(1, 0.4353498056492174)","(2, 0.5621200492932272)","(3, 0.5097445011808515)","(4, 0.4620442172207952)","(5, 0.5461344137611116)","(6, 0.3318610954354614)","(7, 0.5536961765724594)"
"(1, 0.8306706693427401)","(2, 0.924825964705928)","(3, 0.9110515192806532)","(4, 0.8483858555092437)","(5, 0.8604749424132684)","(6, 0.7959428294312731)","(7, 0.9468816550463393)"
"(1, 0.0506716961983934)","(2, 0.004548801897542)","(3, 0.0651483276111573)","(4, 0.0347221358400861)","(5, 0.1025326175571882)","(6, 0.0256320875204656)","(7, 0.0775412257546588)"
"(1, 0.6264511240317504)","(2, 0.6189888367851202)","(3, 0.7201434379028315)","(4, 0.5537861182279976)","(5, 0.4373508844420856)","(6, 0.7067781385779787)","(7, 0.6753915711779953)"
"(1, 0.2264731235215004)","(2, 0.0158329371918944)","(3, 0.1241987265943773)","(4, 0.1396358980413378)","(5, 0.191068808109624)","(6, 0.2158688902328415)","(7, 0.1174371530940649)"
"(1, 0.2480321568319627)","(2, 0.316911702020659)","(3, 0.202862142242264)","(4, 0.1441032179321102)","(5, 0.1862995078393604)","(6, 0.1062162771749038)","(7, 0.2807090662643889)"
"(1, 0.1423227567706941)","(2, 0.1343170814973813)","(3, 0.0359743403104632)","(4, 0.0790886753323664)","(5, 0.088836310226633)","(6, 0.0005858374881747)","(7, 0.1070280575339091)"
"(1, 0.565007269331796)","(2, 0.3545020070501877)","(3, 0.4849710695387506)","(4, 0.4604765228054237)","(5, 0.2974177440772978)","(6, 0.4062711593464459)","(7, 0.5860606459084237)"
"(1, 0.778002888692872)","(2, 0.7829914550337207)","(3, 0.7852240565253806)","(4, 0.8514010882317843)","(5, 0.8449122030480234)","(6, 0.5750236791543606)","(7, 0.7029206929161856)"
"(1, 0.7764227034687237)","(2, 0.9254551208172862)","(3, 0.8357271568196707)","(4, 0.8315855302191635)","(5, 0.690670635145906)","(6, 0.9023423653473196)","(7, 0.7781407601763815)"
"(1, 0.3990584779380826)","(2, 0.6311423913116347)","(3, 0.6501971115872941)","(4, 0.6740308277278841)","(5, 0.491865233779661)","(6, 0.5883358325805256)","(7, 0.5821407712318067)"
"(1, 0.9522988005912048)","(2, 0.7693624274552711)","(3, 0.7989159048145883)","(4, 0.7195907298000379)","(5, 0.9077725767501093)","(6, 0.6621396787177495)","(7, 0.702666814276344)"
"(1, 0.2855205794060432)","(2, 0.0851576898554556)","(3, 0.0231906395132722)","(4, 0.1231947189182598)","(5, 0.1793250995333212)","(6, 0.2450403662459162)","(7, 0.1426141201281164)"
"(1, 0.0800566509114767)","(2, 0.196128434368186)","(3, 0.1982235128335118)","(4, 0.0956422666364318)","(5, 0.2071408775979993)","(6, 0.1916819678520924)","(7, 0.2126766794828729)"
"(1, 0.2113639726161218)","(2, 0.120075496774058)","(3, 0.1182907551517667)","(4, 0.123683787333222)","(5, 0.1730171813959855)","(6, 0.1737856989177476)","(7, 0.2249824478739921)"
"(1, 0.6962994223710949)","(2, 0.7948547832448705)","(3, 0.5767779672140262)","(4, 0.7000360562354739)","(5, 0.6002481590309596)","(6, 0.6286523564511803)","(7, 0.8133618143635133)"
"(1, 0.05294166651785)","(2, 0.0784875824575199)","(3, 0.075819682382098)","(4, 0.031521799967621)","(5, 0.1055930220719811)","(6, 0.0380110604559301)","(7, 0.0080472958480719)"
"(1, 0.9328039381853652)","(2, 0.9635694079610834)","(3, 0.826446793233588)","(4, 0.8366528638430726)","(5, 0.8034188036255031)","(6, 0.8934419049494672)","(7, 0.9351852169931988)"
"(1, 0.0192349645413429)","(2, 0.0743886516201375)","(3, 0.0984760686891578)","(4, 0.0283746408213373)","(5, 0.0808438856140325)","(6, 0.0380239843187615)","(7, 0.0481502055628723)"
"(1, 0.07357036263168)","(2, 0.2405900219419686)","(3, 0.1475549637243187)","(4, 0.1951636644865179)","(5, 0.0467356687029402)","(6, 0.0444397887106927)","(7, 0.052607715975843)"
"(1, 0.1491929686836206)","(2, 0.0205758084960899)","(3, 0.0084480844182204)","(4, 0.0435821266001414)","(5, 0.0029098360718926)","(6, 0.1427743961097483)","(7, 0.0449372636900048)"
"(1, 0.0344295132233516)","(2, 0.0683212990995043)","(3, 0.1973767273091858)","(4, 0.1062742348836923)","(5, 0.0571997294778197)","(6, 0.0322508428124791)","(7, 0.119018871534666)"
"(1, 0.228906629262022)","(2, 0.2217940604616319)","(3, 0.3718842347893909)","(4, 0.1728222788923455)","(5, 0.2152649302492751)","(6, 0.2659391173152731)","(7, 0.3475180636036704)"
"(1, 0.7524610415096422)","(2, 0.918368822823435)","(3, 0.6719230837279053)","(4, 0.6537451884195574)","(5, 0.7381611440700633)","(6, 0.8806467432059619)","(7, 0.6549701702620822)"
"(1, 0.1689504270496285)","(2, 0.3760812039006904)","(3, 0.4033851534134356)","(4, 0.1524493473298898)","(5, 0.1792844074548728)","(6, 0.3561263406621989)","(7, 0.3314714547990249)"
"(1, 0.8073814342280646)","(2, 0.6536995563994887)","(3, 0.7394948816807329)","(4, 0.8477629198651913)","(5, 0.5867850840296263)","(6, 0.6642379620280674)","(7, 0.8643892130287041)"
"(1, 0.2762115639683103)","(2, 0.3840601487470542)","(3, 0.3727242904596851)","(4, 0.5082623577894269)","(5, 0.4858304289671865)","(6, 0.4325385983757603)","(7, 0.4989694012375719)"
"(1, 0.8375622348113593)","(2, 0.8573020995694594)","(3, 0.747138723529964)","(4, 0.8126703372133386)","(5, 0.8656821777289448)","(6, 0.8171130397562453)","(7, 0.7131239269355661)"
"(1, 0.3553433461608641)","(2, 0.3877411512055502)","(3, 0.5443216180085577)","(4, 0.3217232120512862)","(5, 0.5226493429277987)","(6, 0.4326317914701201)","(7, 0.4709489787104718)"
"(1, 0.4518956672493409)","(2, 0.2510614929248504)","(3, 0.3979645270234366)","(4, 0.3234023383441821)","(5, 0.4896498817887384)","(6, 0.2835761052527633)","(7, 0.3320356540537043)"
"(1, 0.3727355902225828)","(2, 0.4242475273603837)","(3, 0.4795971480388001)","(4, 0.5429459715251161)","(5, 0.4619743248812247)","(6, 0.3520353915782859)","(7, 0.5208878705749374)"
"(1, 0.9141138081487266)","(2, 0.8509295840305727)","(3, 0.9678949221907164)","(4, 0.9251392945556384)","(5, 0.786071628292263)","(6, 0.703766414634293)","(7, 0.7742486869831384)"
"(1, 0.6091566788191491)","(2, 0.3915567787115658)","(3, 0.415810917523041)","(4, 0.502412706775482)","(5, 0.5810142395795551)","(6, 0.4586868256738295)","(7, 0.6280469103889237)"
"(1, 0.3007705411862622)","(2, 0.3122690116412399)","(3, 0.3016823551648306)","(4, 0.1003507063266394)","(5, 0.3571252350923911)","(6, 0.1760042605733175)","(7, 0.3285874074076493)"
"(1, 0.9569744080905418)","(2, 0.875316506180415)","(3, 0.899528171595716)","(4, 0.9720196007911692)","(5, 0.9159426227644571)","(6, 0.8871168867352668)","(7, 0.8640399552807132)"
"(1, 0.5365558984519155)","(2, 0.425600250450483)","(3, 0.6199593600691105)","(4, 0.3867160058708365)","(5, 0.3812902669008288)","(6, 0.3516910340807694)","(7, 0.5916822982786607)"
"(1, 0.7109715230148667)","(2, 0.6828653285307721)","(3, 0.7269092455064802)","(4, 0.5688429920200838)","(5, 0.5709912848896268)","(6, 0.6552311113989591)","(7, 0.625513630106302)"
"(1, 0.6813854535603956)","(2, 0.7856450228382064)","(3, 0.2810801420048605)","(4, 0.3919764657257532)","(5, 0.5769534931158036)","(6, 0.6347014110362592)","(7, 0.609438738692506)"
"(1, 0.3128082243995875)","(2, 0.3967634939138398)","(3, 0.875845054952169)","(4, 0.849334998426323)","(5, 0.3861763903497406)","(6, 0.9691915827258788)","(7, 0.8460519622714593)"
"(1, 0.4608372701147922)","(2, 0.4362834109109506)","(3, 0.7580369525959716)","(4, 0.1776177290721345)","(5, 0.6271360292983388)","(6, 0.4599088394597055)","(7, 0.8722759534038713)"
"(1, 0.6364339506476135)","(2, 0.690634668593817)","(3, 0.5742385988732996)","(4, 0.0007250476114073)","(5, 0.3335045307431794)","(6, 0.4300817527527345)","(7, 0.9715892988084948)"
"(1, 0.90296570057364)","(2, 0.0576063071686854)","(3, 0.9255110050902796)","(4, 0.3014802557822604)","(5, 0.3601921787309858)","(6, 0.6318941939891498)","(7, 0.4115644193560355)"
"(1, 0.2145944524998495)","(2, 0.6322207996649476)","(3, 0.3645694006166997)","(4, 0.2316000199772263)","(5, 0.0473827618393285)","(6, 0.2010935563914762)","(7, 0.3618296850388114)"
"(1, 0.806306433278595)","(2, 0.7376372184579139)","(3, 0.1950933054582164)","(4, 0.4890671894385081)","(5, 0.3709461773766038)","(6, 0.253616140764684)","(7, 0.2648951459861626)"
"(1, 0.865838536226351)","(2, 0.0404177139607984)","(3, 0.9345640208352186)","(4, 0.5454236784859643)","(5, 0.7788511086210939)","(6, 0.8831290820793538)","(7, 0.1587472026400043)"
"(1, 0.2023468780928219)","(2, 0.1653638636261212)","(3, 0.8799658980519012)","(4, 0.0932307079450163)","(5, 0.9864671277207512)","(6, 0.9812693672154617)","(7, 0.4792458401402453)"
"(1, 0.805760168734486)","(2, 0.0273815762426667)","(3, 0.3590193477810108)","(4, 0.395121839734782)","(5, 0.0874512385001826)","(6, 0.6766739927683731)","(7, 0.9613945843959536)"
"(1, 0.2301666685557413)","(2, 0.0546726057861284)","(3, 0.6964076186212327)","(4, 0.5328885576818616)","(5, 0.884900551588415)","(6, 0.1234386514300671)","(7, 0.5485537580661997)"
"(1, 0.7473524506731453)","(2, 0.3223799923223542)","(3, 0.0030084760225903)","(4, 0.5532252638992468)","(5, 0.2742875569146106)","(6, 0.482819877590249)","(7, 0.3627307868852296)"
"(1, 0.0851484806100728)","(2, 0.0060396662793678)","(3, 0.2252094959272081)","(4, 0.3110324701761611)","(5, 0.707773657064722)","(6, 0.8147587972835044)","(7, 0.7742278145585035)"
"(1, 0.9265995683133572)","(2, 0.6403986108208959)","(3, 0.7074145059408639)","(4, 0.6473183275058438)","(5, 0.815822094893558)","(6, 0.2290702237723036)","(7, 0.364432181797321)"
"(1, 0.6941539858000454)","(2, 0.704023631644118)","(3, 0.0685896966641412)","(4, 0.5678650387166333)","(5, 0.1237513569629498)","(6, 0.7377188439328555)","(7, 0.747030541121001)"
"(1, 0.6226618912179973)","(2, 0.394377871574884)","(3, 0.0723788631514827)","(4, 0.9492518331108596)","(5, 0.8984615837773913)","(6, 0.5212672429378287)","(7, 0.876615585340017)"
"(1, 0.4930228499855067)","(2, 0.9473635547345584)","(3, 0.3701293256314804)","(4, 0.4864998836086924)","(5, 0.7567341197041697)","(6, 0.1032549922177246)","(7, 0.8923224507469392)"
"(1, 0.3619298826052455)","(2, 0.0876253967289018)","(3, 0.3275581715043834)","(4, 0.5383141992980662)","(5, 0.3822880665718737)","(6, 0.0079591172302226)","(7, 0.1952354098593354)"
"(1, 0.9728482094305176)","(2, 0.8073999560285798)","(3, 0.6304724918953271)","(4, 0.3348413977937234)","(5, 0.7703272336709635)","(6, 0.363799190930379)","(7, 0.5596689094452485)"
"(1, 0.920719998693686)","(2, 0.3805349821781736)","(3, 0.5945998518309674)","(4, 0.5916324174764602)","(5, 0.1689564157317646)","(6, 0.744134307974111)","(7, 0.7747434766114363)"
"(1, 0.3443254806696025)","(2, 0.8775949914346333)","(3, 0.4153212098709073)","(4, 0.3529178875632783)","(5, 0.7505658791335743)","(6, 0.5585690832302346)","(7, 0.558043926955456)"
"(1, 0.9924517848015164)","(2, 0.0183481504857279)","(3, 0.6943586223681479)","(4, 0.2066459067099222)","(5, 0.0399530600368227)","(6, 0.5640960553216996)","(7, 0.4606658144561533)"
"(1, 0.155756873250016)","(2, 0.6913804557668861)","(3, 0.3730617503776132)","(4, 0.0540112120459976)","(5, 0.3512711579671006)","(6, 0.5636633357268175)","(7, 0.6954678686998408)"
"(1, 0.1823369422851539)","(2, 0.0956593209640688)","(3, 0.5584900044662737)","(4, 0.7538036510761661)","(5, 0.7079957701487778)","(6, 0.1458999293972396)","(7, 0.7083968097571267)"
"(1, 0.9589057659400686)","(2, 0.8111395755182595)","(3, 0.3427225860663827)","(4, 0.5473797415527684)","(5, 0.869310977444862)","(6, 0.3637389017820378)","(7, 0.5400967643752057)"
"(1, 0.4765130321921074)","(2, 0.3977289084054751)","(3, 0.0311885009700452)","(4, 0.6987956542543776)","(5, 0.5595642598936852)","(6, 0.4369513178386037)","(7, 0.1323696081546559)"
"(1, 0.7952310167546077)","(2, 0.3022115418641085)","(3, 0.1960993655851322)","(4, 0.7778695487875775)","(5, 0.3977119404624822)","(6, 0.0985278765643347)","(7, 0.891473602908825)"
"(1, 0.8200891935921173)","(2, 0.6212299755363113)","(3, 0.6960570797261618)","(4, 0.1730946309250938)","(5, 0.8255256773751136)","(6, 0.1003662229844544)","(7, 0.4499551923146989)"
"(1, 0.7069297944651585)","(2, 0.2535941443610854)","(3, 0.1792973102797488)","(4, 0.506474366712818)","(5, 0.6969983718009467)","(6, 0.1901088968967468)","(7, 0.172406516456377)"
"(1, 0.8275379760858834)","(2, 0.9897848959052647)","(3, 0.8334786872833404)","(4, 0.8307937367692435)","(5, 0.6999618647397314)","(6, 0.7272339899543905)","(7, 0.3525238424257881)"
"(1, 0.038909846940919)","(2, 0.7396428079433786)","(3, 0.0650372076976919)","(4, 0.9328354909983152)","(5, 0.247779101609959)","(6, 0.8742415972194078)","(7, 0.2425108861975697)"
"(1, 0.6154906625961958)","(2, 0.1821075630867925)","(3, 0.5025679113573587)","(4, 0.0977106947486123)","(5, 0.2424892968125545)","(6, 0.9414378209372958)","(7, 0.7815495762080455)"
"(1, 0.0657047008217608)","(2, 0.8015077112374731)","(3, 0.2110657598633953)","(4, 0.7169901489599735)","(5, 0.7666442719169109)","(6, 0.7778604873156116)","(7, 0.3958807467631733)"
"(1, 0.4720218119563149)","(2, 0.2574516339751169)","(3, 0.750003096294884)","(4, 0.7191103966901331)","(5, 0.1647473956608323)","(6, 0.7497729276259093)","(7, 0.9770700260941458)"
"(1, 0.6715053276947478)","(2, 0.5200985119457995)","(3, 0.4421035498076904)","(4, 0.7195129749505125)","(5, 0.3626269799620563)","(6, 0.3181776653863915)","(7, 0.2375163070042907)"
"(1, 0.298701940666241)","(2, 0.7803575425578078)","(3, 0.9925374340465604)","(4, 0.9706413455578704)","(5, 0.237368134158189)","(6, 0.1192647042764183)","(7, 0.3458678102011991)"
"(1, 0.5378701409740161)","(2, 0.5065728562646632)","(3, 0.4142152527731422)","(4, 0.6197394677502348)","(5, 0.5762922052138362)","(6, 0.8317516864289525)","(7, 0.5156205615891838)"
"(1, 0.6728717874146579)","(2, 0.3594804365805089)","(3, 0.5017046258589446)","(4, 0.5443585325013252)","(5, 0.5120568909379619)","(6, 0.3867488407063419)","(7, 0.9768660189661622)"
"(1, 0.348261678507251)","(2, 0.5196121692556026)","(3, 0.707674790655134)","(4, 0.9213826488426288)","(5, 0.1302589772624205)","(6, 0.7536153841857076)","(7, 0.8947481593162387)"
"(1, 0.91075817466483)","(2, 0.5033863981732061)","(3, 0.9835824455197382)","(4, 0.6230749956158308)","(5, 0.9832691699165096)","(6, 0.4434814554376982)","(7, 0.9668431867554184)"
"(1, 0.5841925878149894)","(2, 0.0032772323037177)","(3, 0.630048656868831)","(4, 0.6095445442903449)","(5, 0.6615558360252132)","(6, 0.6373565897692044)","(7, 0.3287293158171824)"
"(1, 0.9062202036655372)","(2, 0.7309396136024378)","(3, 0.472833293452622)","(4, 0.3270098649150819)","(5, 0.908170313924967)","(6, 0.7363965545356694)","(7, 0.0586944054795666)"
"(1, 0.3024036534912087)","(2, 0.6455531263263921)","(3, 0.1283623915888154)","(4, 0.589118370463604)","(5, 0.8591775214289916)","(6, 0.2916568552779517)","(7, 0.5823704024359868)"
"(1, 0.8068277078936672)","(2, 0.3913960067164361)","(3, 0.3556934528463191)","(4, 0.8139645975968144)","(5, 0.0820600531604085)","(6, 0.9135500399862626)","(7, 0.5102655284558024)"
"(1, 0.0215387285690573)","(2, 0.9374511978727752)","(3, 0.1713918157027076)","(4, 0.584665813338362)","(5, 0.4214753907461779)","(6, 0.1228229856211267)","(7, 0.9424573806177616)"
